日期,碳酸饮料,果汁饮料,茶饮料,功能饮料,矿泉水
2024-01-01,2076.021619973146,999.6541030859858,1123.5553011684672,991.822344829026,1913.8550119458168
2024-01-02,2021.776100885821,1092.8692324147867,1536.0480456970413,980.9310831087753,2217.626489514946
2024-01-03,2062.8225556803413,1111.6090210980035,936.5767730193184,928.6977979262946,2251.39905492119
2024-01-04,1491.830023241638,960.827773291724,902.0626188321612,792.527830454214,1688.840744918663
2024-01-05,1232.1073577034188,908.8762886297789,981.5431631567625,697.9315298341498,1516.1172254761475
2024-01-06,2078.1760697363743,938.9247260476956,1147.9220923451603,806.3568059996926,2083.9225222490422
2024-01-07,2108.655727678315,1157.4867332708168,1116.200989738415,987.7428452379828,2413.211473173585
2024-01-08,1625.5764081206628,913.2209690143927,999.3759054421163,563.8127642432232,1705.6840607355539
2024-01-09,1593.7425128718137,973.1089180345185,983.8092228886304,652.183905214965,1915.2485812836956
2024-01-10,1465.1406690302238,919.1849258644656,1027.3536946613187,573.6633402223168,1813.0214723803615
2024-01-11,1326.6450979442054,1091.7359401240114,921.0396947067227,677.5754647009734,1803.8129523195953
2024-01-12,1198.6311839767302,908.9229077719795,1046.7545592423182,727.8104912371662,1787.616746289981
2024-01-13,1675.1553231694054,1240.3859999972412,1119.6024994046081,943.6580072789754,2447.679071685232
2024-01-14,1809.6169040847522,1117.134124422312,787.2840143636364,1027.5244321825426,2257.827783006269
2024-01-15,1246.747429829102,812.2765480314104,871.388326131762,726.8470652555878,1705.2950433631743
2024-01-16,1382.6691287876174,890.7676550769482,856.5613440824725,544.2554004340461,1552.0247541565457
2024-01-17,1347.1895277711872,1063.3360949196779,943.7781317369518,620.2757399336273,2181.816271185307
2024-01-18,1413.3887778985309,1117.296124981266,1118.2951257804905,571.1381896922064,1793.1204936618146
2024-01-19,1440.6180747611133,945.5804601111018,1018.5843986897831,636.6668510681853,1699.0471913979889
2024-01-20,1948.853858491222,1168.220286372634,939.6104209526769,1028.4551570132248,2479.982861017588
2024-01-21,2057.9067523622134,1174.3210413614163,992.3864946613329,887.6069774152912,2786.46624333481
2024-01-22,1680.313401370445,936.7478417004337,989.5841681021493,658.7892269045535,1918.1744985530306
2024-01-23,1626.0347644902502,1140.046778613588,893.4969106420508,692.3685111595921,1502.6237063183494
2024-01-24,1353.665291789032,1126.1411156485083,886.5108061505665,629.0958284650789,1828.4225783206587
2024-01-25,1662.6349787725223,930.4746476526119,640.7092528606751,628.636414061801,2060.7755908294225
2024-01-26,1614.6211355641517,1185.920632082662,874.4387727421729,577.1309903762129,1933.885675048126
2024-01-27,2086.8386138616975,1303.2006598877078,1189.8214441225805,1009.7690521074693,2416.624988982282
2024-01-28,2193.002534492083,1336.5042945788962,1185.6389627619726,1069.4337107518602,2692.2188764609973
2024-01-29,1478.573197164547,1118.5798598519214,959.2953614659614,637.7630652754358,1748.2006988580476
2024-01-30,1666.8450317460915,1119.1789464356107,1039.7414055225383,681.9081672371766,1888.4980769767953
2024-01-31,1725.8469594703088,920.291504965209,1005.7793602703779,705.8823011276656,2041.232097215106
2024-02-01,1921.8067641015443,1573.7071869192787,1298.0715116590595,1081.9365035554722,2696.368077788075
2024-02-02,1943.8017668830646,1681.1327530865744,1184.933413778498,958.2638889998684,2400.0244743085573
2024-02-03,3168.230439317617,2325.7963502559587,1682.0786522093188,1353.174912256119,3615.9586806197003
2024-02-04,2936.198601555826,2235.3846566049733,1683.8779315038623,1523.193608241461,3017.270764725596
2024-02-05,2182.592815770965,1503.1279681922786,1483.2204211748467,930.1489039214057,2638.8648990700835
2024-02-06,2218.003730108309,1382.9528576986659,1497.0705792964884,927.8560788221099,3124.75499543065
2024-02-07,2616.0478011800487,1682.1719765379987,1558.7103559752006,892.7856460523747,2784.1056329585213
2024-02-08,1572.8544762328995,1372.8342989575078,1048.7043462819179,624.8050169809502,2049.713534100343
2024-02-09,1579.9536967503504,1270.236716007468,988.1899435209734,698.7765236493117,1651.3577520688548
2024-02-10,2115.0077053308223,1073.019478939724,982.7018308705241,1105.3290759539864,2761.9135884152915
2024-02-11,2321.240079252972,1288.7361565035728,1166.8590250710192,1030.133264880925,2278.0450996512923
2024-02-12,1980.3275015988577,1302.7529992226212,1046.6445586233506,740.4382817396194,2117.2271272054018
2024-02-13,1377.1314506728565,1176.724911631979,1001.4801919568888,666.654999525804,2028.3176750875148
2024-02-14,2052.1819926796466,1293.4289484900303,1017.6691696189249,785.8587007962157,2393.99873630049
2024-02-15,1910.3057105006812,1231.926627146057,1013.7881850169063,797.8359330982233,2196.568560949982
2024-02-16,1915.2342377921811,1312.189410307792,1202.805146419659,708.2095533544931,2407.04347389706
2024-02-17,2342.784278804854,1801.3185382857675,1119.6967575242866,1233.5583412487663,2728.509749310565
2024-02-18,2159.216817315438,1430.2914198058024,1169.1059214483196,1099.3945305239658,2833.515416626455
2024-02-19,1683.7429903476966,1258.9380360126888,1339.039688676174,886.4871096500246,2262.660517461251
2024-02-20,1802.6838769095264,1286.8632845586685,1175.588327668271,680.9216063767004,2125.917033562115
2024-02-21,1504.312775024375,1332.4313722244353,1184.521639870204,724.3469814584956,2541.9106136296655
2024-02-22,1592.8840631116054,1101.9898999149789,1142.5321210092147,843.7441781934921,2582.737913991731
2024-02-23,1741.5556172869865,1441.2268486003325,1118.1021286849393,753.2084421880252,2421.5132325968534
2024-02-24,2541.5336921048793,1325.0374610217475,1423.3014304721514,1225.3887656739255,2624.1743474479053
2024-02-25,2493.937321640561,1663.3286796827022,1278.2169936506002,1021.1156651388691,2628.35049054323
2024-02-26,1850.7760984491695,1487.0297018634674,1199.4268818827757,745.8694779219954,2443.9046358008304
2024-02-27,1334.2735154972065,1495.1748699653222,943.9176709875234,749.1556331478624,2027.9823776611636
2024-02-28,1633.14064910655,1508.2184283953814,1094.1969775081475,807.131793184443,2287.856152745937
2024-02-29,1976.3723071023232,1372.1162075069594,1005.1436893150824,860.887710189396,2199.462529344385
2024-03-01,1611.8364531205352,1321.7200434239767,1340.7043582525127,857.9735339623504,2262.094976256434
2024-03-02,2408.245422825236,1615.9021147578287,1555.6722077926581,1153.4523924867067,3075.7635227000274
2024-03-03,2767.712140721016,1722.4439639035304,1260.4938663508012,1093.1260649887392,2946.98268004628
2024-03-04,1933.5928040398865,1515.2878201171277,1187.8700882615788,857.8762232006806,2370.809730493516
2024-03-05,1966.883794533422,1138.798346262749,1295.8913619359907,829.9974685295194,2645.7832445953836
2024-03-06,1393.974053061503,1733.3475670804005,1175.873062311114,894.3224030562012,2169.5582671848447
2024-03-07,2094.034752296272,1292.4787856257726,1123.224986565271,962.6717465043799,2390.617936484392
2024-03-08,2027.1268492184283,1582.106746945633,1263.051627845483,823.1376427490271,2542.405938305474
2024-03-09,3216.649768581096,1749.4464545549909,1356.5021070887728,1259.1390068158441,3427.083071990998
2024-03-10,2917.1075591764547,1885.8743526328717,1183.1181028643095,1330.3390436274801,2749.780257366129
2024-03-11,2077.8406112464577,1375.883893457457,1212.0484102097046,846.7257599706754,2580.970323167948
2024-03-12,2113.3678518241913,1740.991510516666,1280.9720820883074,802.649740142061,2759.2409708950145
2024-03-13,2281.3581054860174,1324.687071999952,1304.4698298527371,883.6040141713542,2457.3008547110358
2024-03-14,2331.908148498584,1498.244771740356,1252.0112090303458,814.3422775935213,2552.717029300553
2024-03-15,1835.0411515901656,1311.4667303175634,1440.089361451871,761.2280584181918,2310.582091377413
2024-03-16,2113.6438109466003,1733.449219695155,1190.7984699630977,1360.3884499667859,3552.0438605436634
2024-03-17,2521.788742208493,2285.131896540978,1513.8489465861612,1134.6112643612357,2435.0341786282293
2024-03-18,2574.113495903645,1347.76861428819,1051.656906324343,926.602067839882,3250.9353966244394
2024-03-19,2396.9028580780828,1665.2481516289054,1339.5620676775518,915.6349451466798,2829.099944962196
2024-03-20,2176.1066956059344,1603.9838260960125,1262.0049606851492,782.8026436340274,2571.4782423818197
2024-03-21,1767.515471442399,1582.8112738284608,1149.446282652104,755.8701699949444,2709.828055998869
2024-03-22,2436.602638443975,1757.4327332792361,1079.9340486378178,768.2546445133673,2930.095542819379
2024-03-23,2520.4030469088225,1901.1548600544952,1493.2523502302133,1081.8872974953624,3403.413996688348
2024-03-24,2434.684639905226,1840.3775518384195,1467.0000490783484,1010.5872605576202,3537.3951790279557
2024-03-25,2167.9869226493884,1733.6081604660178,1326.9519743905564,979.1563855515449,2760.8384770696107
2024-03-26,2089.6016548312346,1674.1203857037492,1374.2799822350637,868.8327966996775,2753.9760052946067
2024-03-27,2040.3943261824843,1554.5591683139276,1125.4223356946393,1019.3846165993936,2415.7883056334827
2024-03-28,2052.6872521230266,1555.5397645038718,1432.2260862265741,844.8940025618633,3121.315527244019
2024-03-29,2067.267477764678,1733.9944085871086,1209.846934876533,1060.9322295802951,2459.6459865035736
2024-03-30,2985.5536129842426,2166.6013565694593,1518.5575929525112,1204.3762204538227,3463.3703094651687
2024-03-31,2922.864737031475,2020.4460024418358,1605.4205797024538,1503.4247478616649,3332.160455668617
2024-04-01,1928.9788814400483,1693.6675814088228,1670.7543340410054,806.3205144664854,3283.3130316247284
2024-04-02,2622.8068531583904,1624.3540608982282,1409.4562204069998,1022.9564309152645,2729.1552880544314
2024-04-03,2210.857910672375,1629.6517329720136,1203.1256709647298,825.3087122513349,2503.2989692815763
2024-04-04,2275.2940586610575,1606.958051850237,1375.8346451040777,747.7364091780958,2962.9698990277857
2024-04-05,2468.18462140527,1402.438759810831,1400.273649424178,997.4648429012559,2534.838571814603
2024-04-06,3473.3345111642466,2203.364346587189,1385.5604987822212,1240.8216521575791,3826.3019277137496
2024-04-07,3012.1609111642065,2242.0464545417,1358.735337490973,1272.9833020567191,3128.2118047551544
2024-04-08,2284.436063182244,1622.1679365754715,1265.3139840242002,1007.8495005823578,3249.7224208215703
2024-04-09,2461.9931382531267,1597.8782806088514,1327.6622485522496,1008.9588369770954,2986.9852076371917
2024-04-10,2871.7305238128283,1875.1726080393687,1402.7167742434842,874.7149742288555,2999.965147505003
2024-04-11,2305.7550962076252,1943.0247820702843,1513.6633142734229,834.2472857290009,2579.4113839312668
2024-04-12,1919.9336443241068,1917.49274062021,1233.6709747210057,712.6659313061324,3106.721240532614
2024-04-13,3836.111700910038,2200.6431599307593,1659.3666690295493,1285.7628240702834,3719.6084024413017
2024-04-14,3367.25396721875,2149.848087606373,1577.6970179545588,1320.3120555539845,3523.0188286227167
2024-04-15,2618.5964460338837,1822.680199038655,1296.029729632568,965.571814904087,2762.191223648365
2024-04-16,2399.019366763839,1863.3967378382886,1559.7975658643431,962.7331221036991,3041.789690680171
2024-04-17,2598.6520380268435,2135.635781096119,1490.7593490935365,922.7335337371079,2661.9310178210562
2024-04-18,2155.1415338806787,1827.2403060977315,1330.5758323712992,907.1481591373825,3095.6107379769187
2024-04-19,2550.091129047123,1881.1171976390585,1491.012188400213,933.0392804781903,2481.4734316946956
2024-04-20,2864.002502227742,2251.982009683844,1379.5178643991942,1379.6174732518868,4477.407600783538
2024-04-21,3560.1209042005867,2247.315924568275,1809.3881953784621,1324.5507710085662,3768.9335401544527
2024-04-22,2300.209446105851,1864.8663052014817,1380.5076296745647,950.7336454265975,3184.430733760082
2024-04-23,2460.6520155925823,2016.7895091756404,1612.5379710330656,1026.3362509601911,2680.330229252816
2024-04-24,1838.5696299894773,2122.9866042766157,1248.0282980092327,918.7086617646492,2791.3219420367127
2024-04-25,2031.7556208526073,2056.3228209740337,1560.329807963025,887.9813441163936,2352.011714268169
2024-04-26,2351.5395679578355,2036.4936222373478,1239.6371040882757,962.0740673591591,3182.8456342669924
2024-04-27,3433.273345998316,2390.5846501075125,1449.015275318224,1484.7026902216135,3937.498950214752
2024-04-28,3247.8786407154485,2151.429355448445,1538.726539375838,1211.749794838614,3947.5161391032652
2024-04-29,2944.2473278343123,1713.6065871082403,1231.2220970527706,1091.9488115445936,3158.739700338293
2024-04-30,2353.7672275892255,2202.056163551295,1383.2630382103564,1128.4739993769188,3458.349836269858
2024-05-01,2865.636817441501,2973.930161832358,2097.057566003652,1223.5994821279999,4539.902421051452
2024-05-02,3258.2838656937242,2505.7832669865,1789.2299130574327,1151.2119492482761,5041.855717591647
2024-05-03,3270.2297643895704,2296.4704734889096,1987.7048970984565,1231.3270379760615,5088.635297058173
2024-05-04,4486.678490529981,3669.064808483113,1861.7223418086135,2004.4079470447386,5815.131963106829
2024-05-05,4622.30135390037,3608.712712955451,2280.3359603271283,1744.5242241562648,4374.032210387853
2024-05-06,2087.4448971233564,1616.479375636635,1556.0480064115284,964.5438544476797,3094.648801030754
2024-05-07,2450.0674144901095,2057.462595900906,1450.3666965016444,824.8591730946757,3560.9092678307065
2024-05-08,2618.801907729889,2076.2245830303277,1602.2014264553618,876.8995275977167,3671.169150226496
2024-05-09,2513.1247018821896,2210.067452867755,1590.9033618150359,857.1784146999333,3449.6095090534322
2024-05-10,2639.387121548405,2043.0030566498435,1471.6403541186166,950.251689821587,3562.6214827182393
2024-05-11,3524.4861847516577,2460.0467385215475,1393.7203363949486,1411.0216474268286,4430.279115927057
2024-05-12,4109.427053601222,2725.417062439305,1330.0972851575716,1357.7174886701393,4894.439210317906
2024-05-13,2737.3239426151167,2124.955493960127,1630.7340508543246,904.0750877914334,3483.819238204265
2024-05-14,2518.5521479287277,2059.836849116352,1623.5905406159482,876.3559759754917,3763.9097699519916
2024-05-15,2480.2076324960585,2124.249265317237,1292.1761803409279,1037.2631449937116,3827.4840668743545
2024-05-16,2462.4008051368505,1845.9904244707109,1547.647305138705,1110.335214808305,2866.8155199437474
2024-05-17,2314.2701932742148,1988.0359697489828,1385.1022328965403,891.6367088440671,2657.8496930727483
2024-05-18,3590.306462940981,2591.1737630984753,1380.5551337309987,1560.0725352471325,4921.478228627811
2024-05-19,3142.9983924910416,2806.4023105194524,1570.8413967465033,1388.5720377286823,3870.77762685764
2024-05-20,3199.7118446911977,2037.816447730796,1536.8883618373895,908.6100961761495,4017.74419146408
2024-05-21,3120.4428074694515,2448.8310111206692,1665.9019351145162,916.1771145780299,3676.3508105470773
2024-05-22,2628.6794493289267,2387.771831120537,1693.1486787572646,915.1469224558216,3725.5940577734314
2024-05-23,2815.493791676039,1529.041333784081,1648.0020833888855,937.7823886575142,3108.3876401090724
2024-05-24,2418.0752187118387,2092.19671900261,1601.7011025041604,847.4557524830444,3482.7627894269285
2024-05-25,3637.680084620228,3025.7505188649952,1502.564451092732,1327.8123015837034,4393.18427883289
2024-05-26,3840.755909412347,2478.640813007586,1888.6194746458589,1110.7967608313386,3752.030423958235
2024-05-27,2747.4185188920055,1833.6383437545583,1355.109472773052,933.310998203728,3703.5514265739707
2024-05-28,2155.0417397621504,2175.5647490547485,1696.4774234699728,967.2727392696902,3317.577687583561
2024-05-29,2770.4203632415497,2102.1011649377674,1753.8642282958338,877.8806095947268,3432.8749631622604
2024-05-30,2722.297082377276,2065.9808229661103,1099.0990976317744,972.8389917323831,3767.6624200558463
2024-05-31,2879.132658769313,2227.353555237321,1374.2537264310056,1028.9292716279513,3263.552694658526
2024-06-01,3512.543119645627,2553.1790463965867,1496.7334288210598,1232.5228737251477,4378.651667163823
2024-06-02,3321.941539419478,2314.260564296897,1507.3380462761002,1313.4525844537036,4898.741096275795
2024-06-03,2478.7178253795364,2105.7024673813203,1526.6204428260817,858.932590593562,2794.409479526421
2024-06-04,2350.504468036803,2163.850064690801,1526.0242251139687,1037.3986368037208,3429.7349777596014
2024-06-05,2593.5908418699514,1986.7986595185018,1648.233230921699,880.940784083147,3023.395175670061
2024-06-06,2773.890431082558,1834.9320600862661,1881.6579153884388,978.6292746193187,3523.4305783669
2024-06-07,2415.1603111902186,2052.8529799767725,1452.2126039295968,918.9247960634839,3624.389676720895
2024-06-08,3265.222344751173,2805.4906241936574,2114.710993905237,1320.8890891421365,4330.0204191998655
2024-06-09,3551.6260626648686,3010.708031329311,1657.3823298825305,1249.0608311568096,3728.3962065779374
2024-06-10,2618.8736342588904,2030.7674565183713,1825.8741826069308,1145.6776111462116,3064.532100525475
2024-06-11,2448.626582500348,2143.5790467266675,1733.781210167005,979.4676997064363,3199.320117980954
2024-06-12,2622.1063732920193,1995.6522078536386,1613.780397950045,905.2962104466668,3248.368841442923
2024-06-13,2945.761410134881,1967.1818976591326,1302.6152076640958,984.0637188530889,3301.7380676858093
2024-06-14,2775.445706955418,2199.851123398062,1518.6426976677762,969.2234555648577,3174.8747654923145
2024-06-15,3462.6081172936383,2785.471809343172,1513.2949627168591,1364.9641267934,4730.840237277238
2024-06-16,3608.828798060704,2896.286671209446,1581.7508896640095,1115.989312586313,4373.4920132091665
2024-06-17,2739.0579785424347,2426.9562373751396,1706.1600288953057,1028.3924847201085,3693.6406229866843
2024-06-18,2593.0850205821666,1875.025267196267,1543.23515140846,1072.103813114595,3657.0835078471855
2024-06-19,2864.669214855285,2044.3388090126318,1484.9880795789213,1023.5162175814687,3244.785378048218
2024-06-20,2508.032446766449,2199.5039484263793,1641.7100672185013,956.9204090665766,3033.3574564997048
2024-06-21,2449.863928448292,2179.344247462714,1554.8811599396925,999.9935685099555,3611.5883952462073
2024-06-22,3439.5824899626123,2630.7033531779875,1670.61264901861,1524.0273128196752,4905.032476535169
2024-06-23,3028.4770202157592,2496.918488647303,1683.501908130208,1330.4260623448515,5058.973342660891
2024-06-24,2702.6619472749376,1962.7867093275734,1616.2013124567356,1002.7101230204569,3535.4591423675633
2024-06-25,3120.551857319267,2208.828055469966,1478.6002290109443,785.2447169179119,3373.309214925611
2024-06-26,2986.9270158981626,2113.605645485075,1182.997601966641,927.2591124791727,3769.0991847673945
2024-06-27,2784.995858177409,1952.894831835679,1437.8381163444124,935.5705247428833,3200.038701223516
2024-06-28,2103.8671729976313,2293.371394583235,1714.8920436853198,827.239589720484,3851.3884887402787
2024-06-29,3394.3485842845434,2868.089289865521,1681.336041481189,1383.4893990290998,4438.4079796070355
2024-06-30,3156.814980130612,2858.108467791632,1486.395222220239,1309.5734226683417,4500.277967059451
2024-07-01,2438.182007034531,2233.7742498755815,1687.0932577748724,1045.9683760844268,2687.536141137625
2024-07-02,2599.4060267916425,2283.6857102016234,1286.9606536355147,1018.0116135280807,3552.267545292172
2024-07-03,2254.1279650515426,2241.12930998098,1521.4939059068988,1010.5005630234542,3005.461040327395
2024-07-04,2601.2709051952256,1714.000504952989,1143.0088190097524,961.5754204761035,3689.441744488859
2024-07-05,2625.145325962692,2050.722191893468,1451.0859969180142,858.28704283922,3246.4270374102016
2024-07-06,3465.3598051234026,2365.774973433089,1747.2957830158812,1351.7006507711394,4276.751941887851
2024-07-07,3616.742893715707,2339.952377894289,1730.8821385274546,1273.5315656850582,4280.8561944459225
2024-07-08,2387.3227058202397,1868.2306006287981,1488.299309588853,767.2401794331946,3209.9279334004623
2024-07-09,2139.571482727207,2212.2023228682697,1627.9321609108806,863.0688993183454,3444.8755238343015
2024-07-10,2774.689797079025,2233.8915017781096,1503.1779060278486,1013.1498560631916,3084.4109538005305
2024-07-11,2563.500175463901,1949.9610437624324,1362.0661689016051,946.3572589960916,3408.0306428848617
2024-07-12,2834.1701462636447,2096.013392278352,1562.3991695422176,1003.567194158828,4172.039398055328
2024-07-13,2699.035845226468,2277.439995457985,1850.6824476897752,1271.0960628926027,4466.972462866622
2024-07-14,3366.134875232225,2954.7978535715697,1431.5063375197224,1476.8429679632843,4812.980383157949
2024-07-15,2270.6932103809995,2188.907587139552,1321.1536360989392,941.8056979160218,3187.1243170120943
2024-07-16,1916.6371004924922,2111.6385256105154,1481.1750590482884,1076.588405693765,3464.3661036709855
2024-07-17,3095.3483775122386,2042.8934224135583,1442.6789732915029,919.4548443429362,3115.1523268395595
2024-07-18,1958.8598357031808,1972.2498797027358,1154.7687690888322,977.8251519908113,2848.475545941144
2024-07-19,2284.7459442086515,1877.218713362961,1423.68681387531,934.9476145507307,3596.689654164496
2024-07-20,3067.548323663295,2524.017835440772,2032.0587242309623,1355.5398754232492,3974.03296053561
2024-07-21,2995.8934556209024,2355.615530121578,1452.2152573548385,1339.455859542883,4079.689554572897
2024-07-22,1954.8157732896511,1992.9917319101435,1601.6165461610797,893.2374347254184,3012.3122171655523
2024-07-23,2145.8939824202134,1621.3403051079824,1563.3581445545858,912.11771144021,3463.1210856675048
2024-07-24,2863.576230396332,2168.7506581391476,1362.511835335385,940.9810481120747,3009.752559321349
2024-07-25,2302.193300112858,2048.0246426314807,1318.1872692332379,721.4886251268553,2914.5823196804117
2024-07-26,2396.0632162117486,2274.7049465135133,1364.5480214203617,971.8916696415881,3136.532496893507
2024-07-27,3598.9827480156514,2635.361855865854,1760.5491241483173,1068.1485131405425,4059.1781373548592
2024-07-28,3440.6608883703925,2444.574724797723,1672.0349721590671,1297.5221238952597,3670.5140749252496
2024-07-29,2037.346827041973,1829.7632092821805,1807.8773048227376,875.1302144851392,2543.7618663693993
2024-07-30,2626.7610845969493,2116.448490116674,1606.004476990446,961.3814144481204,3421.1088138182076
2024-07-31,2890.1788493139334,1798.2930112333972,1285.6348023674605,816.1288197391301,3061.3247494646316
2024-08-01,2731.0914966293526,2000.4940116060463,1457.6773530972507,734.2482140629874,2863.14126389598
2024-08-02,1944.8166713101998,2115.275489249643,1606.323797114152,965.6359481802577,2764.1008651389684
2024-08-03,3545.601366370359,2206.7244516428564,1336.6699953633615,1130.935899390881,3656.710804615492
2024-08-04,3094.3073899583155,2219.3789047019636,1303.2920574296386,1400.677817581438,3751.164778719273
2024-08-05,2192.956877430208,2080.7163852112035,1213.381186196372,745.3568541902472,3422.997918120131
2024-08-06,2799.7148922995566,1779.418183718746,1366.4033350820587,786.6389689109766,3027.8556846184943
2024-08-07,2235.524001705099,1839.3763094225237,1425.1527965971075,789.2576620893067,2906.5089331109443
2024-08-08,1917.7824901602503,1785.25819013219,1352.710168405422,904.946959712138,3076.8593873123205
2024-08-09,2543.209455641832,1559.628135507789,1159.3634634655898,929.4183705442579,2383.498259760782
2024-08-10,3077.650037822077,1942.9891364978446,1728.7370444678331,1263.9068703221867,3646.876885499902
2024-08-11,3382.0878319283884,1960.4510579496532,1359.4853850100221,1075.0099508247376,3393.215893932148
2024-08-12,2323.4507038992756,1910.1853678676778,1480.1145015241295,716.6917428286137,2909.354149805622
2024-08-13,2046.4029786939366,1775.1234614486623,1660.6287545248335,900.102873274955,3213.8966747698746
2024-08-14,2743.1127970426583,2007.6869423924868,1282.2567072017234,761.1569279917373,2928.113366664866
2024-08-15,2155.5981949524353,1522.30638609308,1370.5964914034578,893.4753869634005,3442.597950978985
2024-08-16,2194.7589135621056,1837.9639898635523,1245.4771722219207,943.9792249905519,2876.8096060615467
2024-08-17,2603.6370283753604,2132.5668745503062,1520.2951366852042,1243.3290988783378,4005.47964993832
2024-08-18,2513.059798620123,1946.2071828399758,1551.878268310761,1121.577640129771,3697.699436095626
2024-08-19,1707.0474254513838,2241.2701926155787,1286.092733868747,964.4008967814053,2779.3826720291117
2024-08-20,2336.427201247927,2015.6216984380371,1471.0679435422987,841.7084901090291,2825.0102947321184
2024-08-21,2459.006450077817,2152.4482928161024,1338.4157840793378,1024.7125882308546,2782.2482224529235
2024-08-22,2437.8997340169317,1927.661518330807,1255.1578559898962,790.8359886111547,3163.3834098199086
2024-08-23,2099.315655796789,1573.0742063272687,1215.2045261943763,806.7069823522894,3067.4091672105
2024-08-24,3018.6061456939024,2209.9515172523807,1490.2459391223588,1119.349261403688,3760.514237963052
2024-08-25,3197.152791266974,2171.439514511917,1489.151867476239,1095.6749975947005,3573.1520604617767
2024-08-26,2010.5891204677346,1696.4217698838106,1079.2537274708661,707.2630136611969,2732.7651873045907
2024-08-27,2061.4997616154214,1709.4005170976225,1269.1356955328013,845.3939417190187,2941.3955444592093
2024-08-28,2071.3138712597242,1645.1903144717407,1468.4172081809736,840.683803843624,2709.7625617150297
2024-08-29,2180.5244615506776,1645.8089587528987,1186.6578191335195,754.3494428235778,2536.062897095282
2024-08-30,2341.3356935247657,1558.6580707211585,1252.93584418023,894.0722622632661,2655.9939660644727
2024-08-31,2963.7165163796535,1679.0003029332763,1376.2994848974013,1175.4710078680064,3405.7884985521287
2024-09-01,2300.0356531447856,2195.3928598311377,1261.9515571699262,1193.327533469437,3359.6868812186267
2024-09-02,2321.997178691969,1978.708775243079,1088.4888351235466,768.9011370074718,2722.358740922137
2024-09-03,1868.521953493676,1740.2889633393465,1350.0402550424149,865.620397373696,2720.871729558123
2024-09-04,2377.6454016342873,1419.060405675721,1248.3934368190353,756.8683641048688,2879.3717587175543
2024-09-05,1700.0124000957428,1590.3908219830416,1276.956893864068,737.528294464258,2465.39576692932
2024-09-06,2075.2340220273377,1736.6237051712721,1103.6338450724995,742.4650980565755,2910.5052095796214
2024-09-07,2607.939778455044,1743.6329270394049,1446.8150446213424,1078.161244531949,3586.5950369910383
2024-09-08,2491.430599020723,1848.9803474195305,1470.179795682741,1104.3552240956012,3479.3065392514673
2024-09-09,2029.627059604726,1864.4094249467475,1407.107393352556,697.6739783788986,2707.9980357369886
2024-09-10,1867.280476876422,1575.8725761099688,1219.7287891555538,717.3133842508144,2830.2525014768253
2024-09-11,2064.6490408981354,1492.7054809999188,1153.7197291913592,810.544156665906,2648.884859204089
2024-09-12,1988.5519912023494,1094.1919328598283,1203.7340634958882,681.9298368013941,2477.7387501034377
2024-09-13,1722.4440338267532,1301.8987965208762,1344.6381578363132,768.7719519908318,2416.5795312809105
2024-09-14,2717.3806272898637,1741.2280631199558,1586.9444931735964,1077.978837234726,3241.716589395996
2024-09-15,2829.949032737826,2084.1898757558197,1208.8320766176848,1058.427123977648,3505.860607516551
2024-09-16,2134.303903763148,1646.9509936504955,1020.3096695728171,908.1263275907304,2284.8895852846344
2024-09-17,2002.2750792365193,1455.2544105941647,1073.775486836592,673.0738000204881,2029.9975094374781
2024-09-18,1977.8876582215926,1243.4276702393345,1039.357101155899,764.1459171570843,1799.317238763711
2024-09-19,2096.2372018841506,1106.107357848207,1158.3186656329676,779.7388110823758,2560.6256860348544
2024-09-20,1926.801766239297,1739.4406858254317,1187.5755504919573,857.7165336150431,2240.688635853216
2024-09-21,2532.706139857312,1991.886457067211,1242.9972423147315,1103.505892351542,3295.619919758331
2024-09-22,2304.8650707591837,1342.7542598755008,1300.2569060680908,1185.724720432449,2580.0354319601406
2024-09-23,2032.9504461012928,1513.5895749909262,886.7570707488825,696.2202568523668,2278.2403923507354
2024-09-24,1861.359269642782,1303.1100931740566,1051.6961093001414,893.4972377436876,2332.371096529803
2024-09-25,1754.5134084519511,1392.083834291673,1198.9906261531103,766.8797646136891,2295.1368747763386
2024-09-26,1753.8226026241516,1296.0700394336372,1065.2548849140785,786.1095468568636,2097.4434677314152
2024-09-27,1939.3327027837954,1572.854033801238,1164.848523849501,729.7544431314473,2014.1852709336417
2024-09-28,2793.829197219409,1449.8505608455828,1340.4051666693601,1124.7574913896638,2807.3703701856593
2024-09-29,2337.229513271897,1330.9481725009261,1270.8242955707537,1118.9642399128652,2546.4117591685094
2024-09-30,1808.0862018918554,1353.8451083235773,1178.634514161836,750.322851939329,1902.408164018096
2024-10-01,2011.6851441365031,1901.834771677286,1227.964470868945,1056.5873394349142,2911.332869226058
2024-10-02,2883.954317231751,1693.581679230534,1706.1379183484278,1076.4723304839918,2677.1942688100144
2024-10-03,2615.616150239475,1626.9814570103035,1436.4378698076926,1171.725159144547,3331.6270291905107
2024-10-04,2263.348852787782,1835.4833467939147,1783.9101797467586,988.0136413766869,2992.242579472543
2024-10-05,2830.978338531345,2243.012163139868,1462.069208289062,1338.8866627925643,4877.132070873178
2024-10-06,2806.783205114131,1737.4280226749631,1331.368947011298,1566.8916624381654,4187.40950217842
2024-10-07,2125.577254764233,1930.1556703667538,1249.6890251553914,1136.6806648260285,2795.963623532703
2024-10-08,1603.6528576757235,1228.8325564231604,1157.433318684423,742.8090452636486,2302.591095024331
2024-10-09,2111.892725345244,1072.6351833158226,1252.8255646779007,740.1912909601252,1967.427481987424
2024-10-10,1520.6976866235182,1238.283474807032,1172.7391256335297,720.7714016811846,2472.676066256566
2024-10-11,1491.572243377923,1251.3198268095252,935.2575489708258,754.0959476137753,2323.8161073154856
2024-10-12,2161.2969586744252,1103.66986674047,1194.328737629766,1059.6315486746519,2758.493994199723
2024-10-13,2521.7012836526733,1322.6182798157815,1245.3403248495838,1132.58485283969,2166.0068404417493
2024-10-14,1772.247460148509,1163.4981547771752,1046.9024149996121,745.4488140835357,1992.3611843910037
2024-10-15,1592.9196075269697,1220.382389724858,936.7550343977834,640.0629899025699,2222.63971503297
2024-10-16,1504.20255425139,1287.6998186584892,1094.999767581907,592.1629737512967,1928.0605700549515
2024-10-17,1892.4629046993186,1080.7870755280571,993.7832805210327,746.3023740610621,2216.2633609022623
2024-10-18,1639.5203246000228,1118.478276365701,1185.4365159658605,834.6712708027907,2242.3622183100647
2024-10-19,2193.64559227233,1302.4623791806061,1042.4401506880122,1044.0833251366512,2643.3278937602636
2024-10-20,2467.21010898,1498.1166766761382,961.9732439878811,1093.109244971322,2269.8003627678163
2024-10-21,1592.4580131606758,1192.7466734732427,1229.541323757916,923.242791031221,2126.353293835041
2024-10-22,1617.4472692712213,1216.9151702988001,1111.411786851198,679.5027251129892,2350.091804488913
2024-10-23,1677.0268124072509,1203.8838568214346,1084.3607155239465,729.3243275435578,2146.368408208305
2024-10-24,1530.4077867283413,1074.9664450843163,901.1682271828041,728.3152396519982,2121.5158442196844
2024-10-25,1697.2569431405188,1319.635549895923,1007.9583692113807,742.0239246237778,1742.7450849392894
2024-10-26,2018.151535070093,1440.414874261896,1198.8073916294568,942.2201469067119,2413.315322664784
2024-10-27,1772.0215388188806,1289.4412199781762,1198.6480396046838,1023.5065957443476,2537.2044944695267
2024-10-28,1607.1648538101626,1107.2388483476957,930.8872702183534,737.4204242221605,2002.443016205933
2024-10-29,1669.8048444191284,1040.908840639971,779.0696507898965,762.6232853741406,1818.803527916477
2024-10-30,1447.250481601993,1166.7256047091564,950.3167763446781,757.8541985451391,2016.339523066546
2024-10-31,1684.184998273775,935.5282346260984,1104.7903954481683,701.105487859271,1818.4837280274446
2024-11-01,1622.004759511464,901.9061257308692,1041.3705462463429,622.8757940743691,1654.5325056226025
2024-11-02,1754.1909545422172,1452.569575135447,1027.4949251419193,1118.044217795904,2250.7442436662623
2024-11-03,1708.0808065798478,1153.388262292888,1227.534680530641,951.6235014520798,2235.212305408578
2024-11-04,1602.5273840565642,1128.7031516649806,1100.2333198235556,788.3643872622367,1813.7603882320532
2024-11-05,1362.0499002590313,1023.5660526575912,1011.8314051901356,620.5857797676815,1692.0822627594905
2024-11-06,1617.140621385046,1055.619615600311,985.9646281925125,633.010554875886,1818.2244863059184
2024-11-07,1412.7713171625103,1147.8051451681085,1080.77591151244,557.0605658355537,1679.1447915048434
2024-11-08,1318.057239901369,979.2348365499308,967.9509919853797,582.6651045274918,1671.7619584475328
2024-11-09,1805.1469195018522,1274.8230630199225,1077.5814337374713,882.9638787908344,2330.5291492133892
2024-11-10,1889.105321933737,1207.5433386724085,1245.1973030033093,1076.5670616911545,1982.3185071423218
2024-11-11,1658.0172667990464,1111.5522382499655,855.64045570312,731.8394925125249,2092.5673004141822
2024-11-12,1353.7414683282445,928.245419546727,1061.6864520811914,693.1836782323725,1904.283066819302
2024-11-13,1570.7333821598568,1055.740632451726,833.2488875739316,743.824871611481,2006.1446128325745
2024-11-14,1478.5082575099864,1005.8255084824291,811.159892789821,706.3406604987695,1889.872196008229
2024-11-15,1498.213122072303,1117.4832574013808,923.1101094095047,708.1642616685422,1597.923097617569
2024-11-16,1948.1389925628528,1177.9057679388486,1071.123941735447,901.8305590874281,2185.041967306444
2024-11-17,2106.538466687242,1140.2722920402314,876.7861493791814,1097.9749909014831,2508.905357380494
2024-11-18,1298.8398676009272,1056.56574536203,899.439919033798,683.6817687983448,1807.5713778435845
2024-11-19,1451.7192224653563,906.2500419814207,879.3540261683033,603.9056054645205,1603.0889950277513
2024-11-20,1471.7393484148863,908.36828735112,1006.4250827568004,762.227215503965,1640.3800625865006
2024-11-21,1512.3367771314827,1022.2845440193975,984.1861453579559,667.3412050042374,1863.2882609078285
2024-11-22,1543.426738239201,849.0941378739541,1019.0559129835693,719.7818678002939,1595.9052344484383
2024-11-23,1915.6676046990003,1236.5908791569425,1007.3889228418998,1023.1033251764654,2660.2876859620937
2024-11-24,1753.3519413098998,993.2073348401306,1057.8071062829445,988.976668487882,2094.3916517295297
2024-11-25,1671.8419715263801,828.1761442456875,995.799061293489,617.9554448588973,2002.9889426647433
2024-11-26,1745.8661818876128,879.2072652191804,878.2610757790417,713.2494777183225,1637.4372329443158
2024-11-27,1445.4554942040509,950.8210487639717,749.4335187949492,654.9116747371863,1580.7680380759587
2024-11-28,1377.0410251406925,1081.1752441517237,809.3922840153762,708.146225995587,1645.3945050418708
2024-11-29,1404.6274099822108,1015.7198512917245,955.4420776906795,691.3242273619505,1850.9828248006538
2024-11-30,1812.2521514626892,1056.715854020083,904.5531728835267,838.9545083580116,2723.872048687617
2024-12-01,2157.0771595704264,995.1859441067331,901.5639279926016,981.8773095000167,2269.407970126831
2024-12-02,1553.4724732913112,931.4718243082741,931.2099309965075,690.2442900223836,1731.6828824005493
2024-12-03,1143.6354723284653,931.0867064846494,861.4847675609552,679.3069629459015,2224.118969510809
2024-12-04,1521.1247394243867,920.5125890929497,1027.0466500826005,699.1275085493695,1780.7187902125531
2024-12-05,1553.6450146645127,1142.7266716034517,832.9497956468646,697.8668187541854,1547.3343175305847
2024-12-06,1543.725837565038,858.6228014972154,898.8907868704254,646.0838286256305,1868.0340155237782
2024-12-07,2072.8746419802014,990.9906291670691,1036.3780349898327,865.1943934804924,1856.3207281484583
2024-12-08,1854.8699446916085,1094.8015625803012,1279.5602680223872,970.889622806927,1827.972239512583
2024-12-09,1374.4673920326697,1035.5584804955297,1130.5476130181792,558.9241234573013,1375.0979401772684
2024-12-10,1727.4475867315887,974.5324492072733,853.3339092856562,699.3833893780069,1245.4039842561497
2024-12-11,1454.306236860555,967.2681005604111,1020.1168122011803,596.2736530887979,1703.5794075143071
2024-12-12,1318.196302230476,959.2125818054145,849.676271129075,636.1925283838203,1519.3025459436997
2024-12-13,1546.1388766022787,1014.4711234220582,910.8651417252267,665.5535746756851,1441.612679443549
2024-12-14,1829.51275022527,1114.4500201595451,1294.3796185262897,824.7696865370959,2414.033579384579
2024-12-15,2073.1270611185046,1150.65404243749,1205.5670576097916,962.2754445068531,2186.3967202661515
2024-12-16,1441.9948184135671,1046.2562612927798,1034.0220979374187,621.1290480666977,1460.87482480849
2024-12-17,1420.0013310999675,857.3184502555904,925.8121125918634,744.5242633265846,1605.509793666096
2024-12-18,1443.1252362945127,937.1379274875474,1010.7546868717149,513.6759927224624,1580.211786988767
2024-12-19,1480.0497547535663,1043.5961995339583,885.9387403157581,538.2543650312998,1786.6293383695402
2024-12-20,1357.5950878784743,821.1264292462167,873.7471688916679,650.4659596765915,1580.9722463529047
2024-12-21,1469.4189697134755,1219.27182318162,1156.1271326331043,988.4420269343194,1864.815976400305
2024-12-22,1848.0533887617767,1118.8844640786895,1087.2017442425968,990.2999526844422,1950.7665230090556
2024-12-23,1463.5451371460506,976.4928079837648,1068.783725499372,710.0205887989416,1818.427220375246
2024-12-24,1464.833389875145,1066.5998141405755,971.7390017982051,606.4475472081139,1923.604507434002
2024-12-25,1555.3187347804517,894.4391437597743,889.3171320881312,683.6250163368,1766.7908483642925
2024-12-26,1483.945329224015,966.4116029520569,1093.7322999576,735.5149920656942,1722.778477856092
2024-12-27,1593.928555441924,841.8205318167907,972.8501046499247,785.0507427766181,1655.8789922702256
2024-12-28,1735.3880348485807,1054.9436692389509,917.9137557107513,858.28101774282,2040.6036171007481
2024-12-29,1631.7528237199258,1132.5547477311143,1124.2936579758468,847.514333533556,2445.0631343416558
2024-12-30,1537.292037768306,1041.7108057322353,876.8296703276061,723.3410411703011,1515.353108416854
2024-12-31,1595.286346585221,962.8928771052842,991.729180925832,588.617517202051,1551.8467268945165
2025-01-01,2085.1849372260285,1440.098565537824,1306.0810483736848,1014.2450403152752,2023.0997551624466
2025-01-02,2287.0731838303277,1217.670931688475,1039.7660624966616,836.1868254147606,2495.2778019400585
2025-01-03,1862.619967163109,1525.832141441723,1316.3723577902672,900.2937666786157,2879.6392946856718
2025-01-04,1803.5100289845755,1217.341343602806,1097.8101653430633,951.0966604949774,2087.916806212955
2025-01-05,2205.6702976223514,1107.3305564191596,872.7793956099415,1023.2316031149379,1939.4579156658085
2025-01-06,1621.0523928317273,1116.0786662446392,1031.8105009796195,761.4710469138591,2125.2983253967163
2025-01-07,1666.511081993433,1020.698844869448,1131.3165164467907,809.5849231324289,2086.7390194966706
2025-01-08,1448.266852413708,857.3489092010764,920.3669246672514,738.2556264623809,1806.6703267193816
2025-01-09,1495.5104043328645,1051.1622224632158,832.6093017306231,700.5184133397263,1983.3976309430168
2025-01-10,1615.1302729919041,1068.4429620312576,1134.457026102422,687.2814221125583,1672.7703041775935
2025-01-11,2233.1490400341013,1345.1236489916278,1138.5377194046482,954.6347041639248,2244.912211959274
2025-01-12,1745.8621442482768,1343.8395868161917,1197.2119732316037,844.3764912362991,2447.893471722292
2025-01-13,1606.4458923505288,908.7360773029994,866.0104793595801,721.3853233763562,1736.5879895497999
2025-01-14,1830.6031999568488,1113.6784120067684,1033.8998163003241,733.1324959876017,2056.9035594002216
2025-01-15,1685.1179160989354,1072.6851625382515,892.5855256450607,911.7422342818159,1621.318624761451
2025-01-16,1509.9219745054843,856.7337409699973,1045.5842067067058,709.9520191423557,1969.6748762949646
2025-01-17,1291.87720312642,1146.5869147259868,914.4308613879607,690.3561613711242,2008.3490896186486
2025-01-18,2093.2712452917744,1285.8081767307615,1184.8884655644192,1025.3183917063177,2227.5713931569676
2025-01-19,2013.0939292012254,1277.589955234724,1001.7354426126885,1083.4006339275072,2383.141470860993
2025-01-20,1592.2698106274506,1173.2204697944876,991.0695705673891,692.4441311912256,1771.0955474626862
2025-01-21,1640.7400412764725,1086.5479381893306,939.0393298903844,694.3410864972293,1746.4793922744539
2025-01-22,1480.1079871727609,876.6422361036905,985.8059494899151,587.9291778335057,1791.6192426485059
2025-01-23,1500.5951853243153,1178.299638632142,909.4883676318876,656.1545049655665,1815.5307419562162
2025-01-24,1511.7779801185993,1219.2935426182794,899.8046344781501,684.9240134188642,1959.7442222373584
2025-01-25,2279.3960849503355,1245.4522880821085,905.6240515120841,984.1777363329363,2704.907837240605
2025-01-26,2162.819461953957,1333.407154852517,1004.7343492450685,884.9348421587028,2399.1594885977806
2025-01-27,1393.0936543876512,1177.616178354498,938.6454445415252,715.5753054154618,1562.6089371983549
2025-01-28,1567.562169169651,968.8347319287452,790.0463801997698,758.1991350371688,2253.5831752988947
2025-01-29,1824.0497050085762,1181.6552932742095,989.7852173118073,779.2692781461061,2184.3917660698876
2025-01-30,1668.71933584871,981.5792096561867,984.4494210645238,846.2401718505886,1942.1235018265063
2025-01-31,1103.8186664005707,956.1676716639753,995.7790106185572,800.2269368249376,1913.7678085559382
2025-02-01,3155.0471622298264,2192.1019422683407,1941.0629588507609,1567.1873335427886,3118.620065812126
2025-02-02,2440.219352647443,1950.1144412405547,1398.6580538665214,1349.3468401338832,3283.999315764538
2025-02-03,2099.761331790411,1930.332210335708,1513.8779547640884,947.5746459593863,2473.1055273854654
2025-02-04,2184.106208712564,1588.4992416572672,1490.0167739888473,985.5367794656114,2956.7224884089255
2025-02-05,2481.537169486263,1676.9087770939334,1221.1901535440513,907.7524621704567,2510.0817946744614
2025-02-06,2191.431315848099,1537.9117889025194,1732.7194236023538,865.37718220817,3306.9456714602134
2025-02-07,2097.3683976656594,1558.730702322156,1400.5833670255583,1030.8554607738413,3929.1533600726507
2025-02-08,1799.2878390509502,1696.4361414226403,1165.9497472308506,1088.3956071079997,2610.0395039222244
2025-02-09,2187.4888935500835,1374.3009940447234,1245.0153302321837,900.2883859401144,2835.8889927150844
2025-02-10,1692.6151699604961,1085.0501465227096,1050.6818599380388,856.0775003568147,2009.5696171088487
2025-02-11,1838.760208124824,1142.17625745523,1188.4467127545593,815.2027030163965,2531.2535906311437
2025-02-12,1752.9339734329458,1324.3269522662138,1120.1818208865045,864.5490036549601,1995.0794014946507
2025-02-13,1927.1218408435277,1226.1713759562676,1106.7966275313017,774.9058643789423,2217.599941995986
2025-02-14,1781.909807390687,1286.8761412269323,1295.1832680034424,846.3017451291831,2365.8293362300496
2025-02-15,2248.7088648430636,1387.653825500764,1353.7948043299061,1176.9107822850676,3141.236240829475
2025-02-16,2225.4364742140842,1499.3011587930066,1037.5698039537067,1043.116165213711,3030.0218343927886
2025-02-17,1746.155998889879,1370.9241535383605,1111.4920722060726,803.3462268689639,1963.8137692850999
2025-02-18,1857.0775044603158,909.8487974104078,1116.723721483162,653.4661096311171,2501.906864399973
2025-02-19,1995.1946411456465,1369.0154584038653,1316.8017358226962,709.0916693369701,2639.6642046646984
2025-02-20,2034.7655461661668,1286.733281412928,1278.3365995726426,699.1551429992265,2075.0777434177944
2025-02-21,1757.452243366361,1257.6917242823774,1031.2070088276673,885.3207899600178,2217.280916032556
2025-02-22,2532.186045528289,1514.0872798539735,1042.0155887817803,1138.1391134777161,2316.1187089612295
2025-02-23,2442.4229793633854,1396.5338784466003,1533.912722903921,1213.4311414787362,2912.8690740438283
2025-02-24,2142.4878500400428,1243.5794171425578,1231.9866557021007,813.0571040093806,2382.230579951188
2025-02-25,2155.887227430998,1469.2050729197244,1207.6048436815047,667.5574375002694,2111.8385819431237
2025-02-26,1899.4539009885016,1392.266833985087,1045.741394479985,996.3697007710451,2707.9608326503653
2025-02-27,2050.0631782998184,1399.9315288019268,1159.172305921082,728.9299427993178,2385.1259733720335
2025-02-28,1994.4075587342866,1226.6127077511173,1229.4093343121233,795.9355339597928,1927.7922018567356
2025-03-01,2337.7722312452056,1633.8217452039748,1572.7207119004484,1206.847042326909,2613.7430937470463
2025-03-02,2696.976279994989,1451.5708808417332,1472.869063689826,1093.2631223007,3007.924230955398
2025-03-03,2253.116544925366,1256.3469635762856,1044.0891569184676,774.4555000000797,2698.8603100882756
2025-03-04,1696.433906343997,1041.4071009946783,1164.1629272160096,870.9540306124302,2756.3428796828816
2025-03-05,1918.2455865255208,1403.6555793941448,1366.031689937611,673.5000060668849,2380.794047266963
2025-03-06,2061.023323632169,1541.1917404365577,1167.5642013674246,834.2393171825561,1872.796033943888
2025-03-07,1899.799768734482,1553.4310927221427,1114.4836156232477,839.3003119117277,2621.5443513145806
2025-03-08,2567.2696206518654,1827.2535479371602,1234.1812024614837,1148.1302726698148,3349.7799216406133
2025-03-09,2714.9130190766227,1703.8980330504608,1402.6273425665293,1260.6717783172317,2526.1940627468157
2025-03-10,2307.0388879578763,1468.5275445700258,1306.1255407425192,944.4446844635897,2207.5455548370833
2025-03-11,1931.2666184993539,1486.7295088242229,1159.869702379583,993.3752209017753,2354.350177695656
2025-03-12,1973.991673237909,1573.7381099275435,1112.2325657334352,815.9539971045136,2673.76548016282
2025-03-13,2031.5541728903354,1539.0542199467363,1202.708030635753,723.5079298192817,2691.949923919952
2025-03-14,2483.7373197841175,1567.816650045872,1304.4000869443769,914.9896623016964,2291.5358009326737
2025-03-15,3231.883216909512,1929.8769392224438,1639.5711178458255,1114.178866213962,3901.9612350151615
2025-03-16,2991.8479947666747,2010.682419364787,1449.0217862981956,1176.6471028158032,3721.4392463389413
2025-03-17,2177.493151114141,1284.6265610617336,1148.492243288352,848.9002475850272,2757.679980012364
2025-03-18,2146.6455333842305,1806.9916173363663,1045.3209483527296,880.5370640833247,2202.1935265700713
2025-03-19,2335.2704311052257,1606.8038162548376,1359.2327609609206,795.9138396797208,3054.774245598724
2025-03-20,2409.2094662419477,1728.9321298445182,1293.3106474316767,924.971275080276,2532.402491918085
2025-03-21,2381.1118560278983,1916.4415400741104,1456.9698439671809,813.3661385040376,2840.9063518215858
2025-03-22,2495.8074789679226,2101.6724556752906,1519.5658522637743,1002.1904616383028,3047.6324833908043
2025-03-23,2799.8964748084236,1941.446793232829,1283.780672443285,1285.1426959159699,3556.4617103526684
2025-03-24,2184.773027996851,1552.5993019943664,1473.2751038684482,1033.476340449822,2657.1326036997666
2025-03-25,2102.4819579914592,1774.072913383337,1291.2718655700405,877.3903217054235,3016.6750910196224
2025-03-26,1821.280745340741,1926.906931293522,1354.7729747049164,856.1500872031609,2800.444734515988
2025-03-27,2254.0927882171286,1417.202636961784,1552.6991833939637,899.6889860076773,2968.302496420771
2025-03-28,2490.463582581881,1549.1584491599074,1420.7568951242201,875.012801542397,3101.18188051261
2025-03-29,2339.1530344832568,2063.4488562540155,1408.1745454480006,1317.6192347993424,3763.6547808803602
2025-03-30,2774.757293543584,1948.362753076897,1488.1667094750676,1153.6972575906343,3919.895681755369
2025-03-31,2223.147939107001,1248.0064138429536,1322.251504264748,813.9749909785997,2434.439826192535
2025-04-01,2019.7300434236442,1778.763452343717,1552.760788388355,933.914298573222,2730.553248971312
2025-04-02,2421.816644592428,1689.4367083886318,1280.70740555125,803.702666609276,2411.1422430560997
2025-04-03,2236.6972130178483,1810.0714463773027,1368.5890670649937,873.6892656959021,2661.569833916614
2025-04-04,2480.8867030477145,1556.8776904172598,1495.2360214378696,822.9560967370377,2733.4455121509873
2025-04-05,2606.6591035039987,2056.4147525026765,1681.929842341508,1350.9104895432736,4078.5729536886433
2025-04-06,3229.4019668988817,1937.8180532948147,1487.6983992976093,1188.2955000914653,4232.261890670661
2025-04-07,2088.0610196714733,1989.3854352313488,1529.6603388054225,1092.5625299473818,2881.1926126665267
2025-04-08,2552.665559854512,2256.2886684789237,1322.709400366932,784.3136634674031,2452.4500690014897
2025-04-09,2564.4743168525574,1499.998501988653,1362.579278547311,970.1333466140984,3092.390290508102
2025-04-10,2507.04535544705,1900.1495607209365,1602.4239743779626,843.6185262058312,2845.367450695283
2025-04-11,2228.9099234133937,2024.8019326187061,1554.5697693394895,977.5292343924785,3430.771843504368
2025-04-12,2782.608480589474,2632.523209798442,1814.5733004363506,1410.1301485752474,4540.908509537724
2025-04-13,2643.2345807879315,2150.087486773862,1464.3803272370726,1412.5875953108668,3466.799499835786
2025-04-14,2632.9776633453625,2162.0608187236485,1542.498462364593,970.7332082539592,2806.631789684707
2025-04-15,2249.9376894200805,2150.853007693608,1560.3306529811027,943.0893628176473,2998.803721124395
2025-04-16,1968.469626793934,1716.4769684079597,1730.4473944269298,828.0059156690505,3204.3732318536004
2025-04-17,2728.6536031552864,1690.112206739341,1484.8975220678024,1041.7159133936564,3163.8092563993455
2025-04-18,3203.199802000019,1618.685264618509,1618.03429289727,938.6538887532871,3419.8791678838406
2025-04-19,3392.5973991873975,2171.792576119056,1652.0550893635177,1091.9100953163813,4227.554938695311
2025-04-20,3359.609179085352,2506.1233206966654,1792.1333318296142,1394.3177703806416,4064.713803338111
2025-04-21,2297.514608172816,1832.4960708506617,1653.7823648866147,1101.6887721163662,3142.224828624593
2025-04-22,2541.0463794817106,1803.5031201845147,1657.2757444535646,1030.272762831091,3860.928781005399
2025-04-23,2316.195501626264,1917.3124196447843,1522.6896108233746,1031.2593556150503,3177.5039149645245
2025-04-24,2326.4175668374482,2178.774941881648,1600.7938017375386,882.2610119796615,3703.7558919006055
2025-04-25,2857.9306271662767,2038.8600547715819,1509.86503763142,1027.7995484182256,2993.356091204728
2025-04-26,3348.4591250119934,1903.4710100336868,1797.8570055813611,1153.5131748463373,4729.945989855861
2025-04-27,3240.0199905400614,2385.1594889705157,1554.0755387849654,1331.0296210834445,4714.510204257925
2025-04-28,1943.1616154966684,2300.3104897066873,1563.1890457599764,862.9710796855084,2959.9018173371765
2025-04-29,3030.992947860931,1855.2034514745242,1341.7486203299438,1095.8009405294329,3442.568985804712
2025-04-30,2360.546170535403,2102.4917546262477,1365.173037303095,1094.9152529140035,3697.778917789515
2025-05-01,3493.6813443766714,2452.398247556181,2235.04007201636,1426.700288939047,4433.632318392801
2025-05-02,3744.468898513277,2562.2994809847187,1837.1083740424226,1132.0381754567659,4625.356713698782
2025-05-03,4284.001363201402,3169.4613984283696,2178.787642349315,1887.953988752801,6043.2192568399
2025-05-04,5399.859683426351,3392.9072827440705,2731.1740602056993,1964.6323867860428,5111.552803697191
2025-05-05,3522.4193023856237,2358.465072362217,2108.0077169704027,1320.903751482851,3655.171064120699
2025-05-06,2302.262425554514,2117.327672902675,1371.19513851302,974.0520626121457,3471.507332517433
2025-05-07,2570.3140865503583,1977.2523436990407,1333.3804044532926,987.0217204243254,2673.7324018929744
2025-05-08,2445.52528506059,1894.1677207911819,1491.3534020609256,965.925152724495,3705.479749920348
2025-05-09,3050.3368339710096,1861.2997261224923,1837.065455292346,911.9858399664747,3450.646365900296
2025-05-10,3608.5822665947367,3140.588147460544,1597.5664931973965,1138.2446922937945,4887.884616463588
2025-05-11,3155.9250661991655,2440.9319503114116,1504.006573362683,1340.4879018211727,3908.7442279411944
2025-05-12,2835.2541254795824,2134.7546370324503,1437.9104308893216,1094.1800380970337,3511.7882935741204
2025-05-13,2171.1901357824922,2320.13488416621,1575.173268734458,1135.6684438587563,3477.3823721087824
2025-05-14,2458.36004296961,2088.1022560971037,1674.7066973238204,921.9103709707862,3293.273438231242
2025-05-15,2617.215260605053,1892.641693935372,1436.0288879006214,1018.0149350887732,3870.30656275967
2025-05-16,2768.3216453551827,2135.2102959574904,1427.463410266649,1112.3494507800801,3614.745155136714
2025-05-17,3249.543293729679,2813.830278007241,1812.210820640637,1291.6602415253726,4298.495738267179
2025-05-18,3332.2159030988346,3271.3091307217687,1811.1413621511172,1434.7632490143046,4559.857768811699
2025-05-19,3074.989333173969,2145.925241734173,1474.0730372133842,1092.80255068593,3431.1486576277607
2025-05-20,2418.5723035054293,1895.523426144864,1809.5466687447308,1022.6472426352677,3294.5976094717143
2025-05-21,2650.606615810897,2351.4595400762632,1526.3406438805198,864.4237700739641,3623.88401297939
2025-05-22,3048.5799756526108,2430.438455937903,1487.23885646991,1141.0072294103788,3592.7240908646777
2025-05-23,3063.731492838431,2312.3876958216333,1338.0147667564029,1191.129212990928,3544.1104897416567
2025-05-24,3754.8531550237444,2277.121573135944,1826.810689810811,1578.4548070470369,5271.900821467089
2025-05-25,4054.953343353917,2783.0254522958885,1472.8193345234158,1442.4684166453987,4164.21813197788
2025-05-26,2805.4819097526524,1934.5023574091933,1552.6791609298648,965.5910603061931,3353.974179739217
2025-05-27,2598.136736454916,2177.2070199821433,1633.9233484352299,764.8361452418972,2710.5862065452325
2025-05-28,2657.457458183028,2168.0841788528687,1620.910062334455,946.5689120192841,3565.697785467537
2025-05-29,2789.987426334692,2053.487061507022,1754.5551093066676,1040.1731228533488,3764.063326375921
2025-05-30,2778.459572294181,2687.703045031406,1690.4309619444437,973.3317737473525,3868.643995762969
2025-05-31,3004.359293667177,2701.5348021005016,1813.2055322165218,1452.9530711776877,4327.028024366178
2025-06-01,3154.7974796824415,2403.1406751625614,1733.9440076222957,1244.7012384477528,5148.599784526455
2025-06-02,1989.7487473896078,2107.4514477430175,1579.5020648743653,1052.3091685047673,3183.769522112333
2025-06-03,3014.40772523145,1877.3221980633664,1475.494303696294,1064.6854906104807,3874.9742420015646
2025-06-04,2330.0873853856347,2762.5170811828316,1425.2093835313171,871.7159455222361,3691.4101727892894
2025-06-05,2619.311966484944,2079.2575117405436,1660.6939635585493,850.8703119926408,2920.2662763496146
2025-06-06,2554.5115353404267,2426.858926405839,1481.9273919450252,1165.7989942972642,3946.804796027442
2025-06-07,3635.551879845115,2721.594253324595,1776.0114958111317,1430.6775150890228,4248.084202928904
2025-06-08,3450.3886428680235,2353.30041961038,1346.702022673084,1564.7896512555533,4483.733377259217
2025-06-09,2726.3874409594578,2286.041885600132,1442.5532299202623,906.4198169777563,3434.6901846253613
2025-06-10,3100.0284852459686,1943.4547886180874,1160.4978055460106,955.3301095190916,3942.5379378518755
2025-06-11,2256.213252733086,1942.7009867008462,1616.5648840018273,1267.6264051786054,3060.2386507684832
2025-06-12,2349.428955571292,2279.1873102203103,1765.879413980617,946.0210788429237,2969.315753942529
2025-06-13,2851.153918315833,2341.821320226567,1857.3681519166475,1075.7908069697762,3840.0349467715296
2025-06-14,3461.2143033294487,3295.9737796281192,1666.3455923073604,1327.350445373107,5238.328115416253
2025-06-15,3031.868469174642,2161.021850701614,1756.9541917780975,1414.158099547674,4336.926842272499
2025-06-16,3008.6313560749654,2009.3133427023033,1589.0864975943769,974.2281539386302,3235.5164576153556
2025-06-17,2720.661930388106,2399.445137795911,1914.3899298819463,1069.478040216569,2661.2339853741055
2025-06-18,2727.9218258702044,2222.680690924391,1727.77118493039,1029.8244583530177,3999.9483972559387
2025-06-19,2846.230437112524,2557.041551130524,1510.8472211174105,1025.9187363551844,3849.2490263028985
2025-06-20,2582.6099261523245,2037.7595359653749,1480.9344513916956,935.6746927788594,3741.708810293795
2025-06-21,2907.98209017608,2242.1101546048567,2062.4286588456766,1313.468330015699,4534.111443553921
2025-06-22,3031.115872054005,2680.2239212216637,1613.604839619467,1194.835348805881,5039.483106815025
2025-06-23,3063.387391455286,2188.7295494473246,1738.453558002941,1204.0836343654246,3824.019724584093
2025-06-24,2870.471065532396,2256.0921329461785,1682.9841641603846,974.6787127658772,3456.9759459902734
2025-06-25,2862.025606290114,2106.701820386861,1522.2936780035325,1011.3913824821745,3963.4900101888393
2025-06-26,2427.720609246166,2378.55742586262,1704.836202811047,1090.6682165721697,3266.7399497634824
2025-06-27,2273.641945901198,2333.4450365605812,1608.9355318100586,1112.5320361498782,3303.2082454625142
2025-06-28,3826.904881213272,2929.797360984274,1720.1159853798267,1474.0110145535689,4607.519095784226
2025-06-29,3262.873231489179,2789.4174448346425,2017.648244803114,1417.7144660984363,3787.603292688037
2025-06-30,2545.2448294402184,1813.2675996050577,1780.9870691620154,1087.2230163879776,3368.507302930117
2025-07-01,2285.482372008747,1969.8918593513213,1439.1136437157754,995.1600261597339,3481.4364738941263
2025-07-02,3018.338916809206,1998.380444270252,1304.6440024811382,870.098718952996,3444.6565200060927
2025-07-03,2465.5849588190345,2082.4646106912555,1465.6772861191864,1080.8224615912516,3247.2057211949423
2025-07-04,2556.949068025025,2296.6115728319537,1447.6464553471321,1024.4883852014648,3560.7613193931015
2025-07-05,3500.2836469166496,2277.2480692822846,1893.9100632426296,1680.6065470324108,4307.647251302981
2025-07-06,3087.3041022665197,2573.0336896113254,1851.9572311426182,1289.7694547454162,4243.812102086521
2025-07-07,2739.963047601133,2392.120904469275,1649.3224131350019,1061.096506195317,3288.988514125255
2025-07-08,2753.2227966339237,1978.3870549910257,1658.5234631476008,1093.0741384982048,3621.0917889739653
2025-07-09,2546.671169104948,2085.872580641074,1803.7124463975083,945.0951506389524,3786.563007778694
2025-07-10,2730.0872169186723,2054.957292069921,1320.9292557258802,999.3234205065061,3453.2118486152663
2025-07-11,3113.6410449968266,1939.9831872502698,1874.3014467639416,1014.7780691966598,3546.1720866375276
2025-07-12,3220.7107159144375,2622.7772533994726,1754.2202334694,1495.730014075352,3847.5683980119875
2025-07-13,3899.8905369005925,2629.9628978377878,1774.7121089064892,1336.0071940847129,3862.7638748925883
2025-07-14,2645.1442858752416,2150.7891675038827,1308.504541509109,1052.1716157911474,3739.53434683627
2025-07-15,2430.6665345087686,1891.6621356081394,1470.9740370334807,976.1084302807558,3305.0074068410954
2025-07-16,2601.805990506438,2149.428827515555,1307.565165868454,850.7739215028688,2466.037903956272
2025-07-17,2859.6765134232573,2101.6049027404224,1671.1603272871087,860.997916466526,3390.2767621738967
2025-07-18,2664.8379091455863,1976.1731290002328,1275.766083016704,1139.751728635184,3847.6330404391583
2025-07-19,3255.9942397237455,2634.7353875624945,1578.4372149468568,1221.700114470405,4979.864205893383
2025-07-20,2819.5971519919653,2429.5047115914676,1670.1560266782521,1578.6999191341808,4578.2411240482525
2025-07-21,2160.3292822496337,2078.420114845614,1506.2886758624045,944.4416891761063,3561.69966878103
2025-07-22,2224.1185461684163,1988.9955907318163,1572.387561021892,1030.7373637634682,3396.1905410674512
2025-07-23,2509.053194814517,2043.5146098305156,1608.7798495430777,967.0107881268522,2990.5247750337903
2025-07-24,2260.03968743042,1755.4774583222804,1712.7641777772055,1039.999268603412,3294.7729360426138
2025-07-25,2455.6333232031043,1938.9700071760694,1655.462814401879,1143.7899802549668,3120.8125898650533
2025-07-26,3716.331317391906,2468.278359874306,1603.5615501036295,1545.01010610259,4137.514714669909
2025-07-27,3427.3788303441397,2515.080921570284,1369.2969987678302,1379.4695170020907,3898.340729908865
2025-07-28,2191.4080939301734,1933.5078605502722,1405.4723420839575,1054.5735403411957,2945.057334325592
2025-07-29,2346.8918976382874,2080.4718470651646,1284.035141710951,891.5591860775654,2739.43103638554
2025-07-30,2775.58043412125,1965.096737460184,1474.74960222485,1040.0476718350724,3040.3595709261144
2025-07-31,2456.080365277475,1806.2154927423655,1317.832377347284,863.4966362521147,3106.520653438618
2025-08-01,2385.5411569468533,2032.016504879404,1314.3097919817124,961.2408167187613,3351.502958703033
2025-08-02,3066.103236597051,2171.830024197868,1596.9942490920562,1275.1725075655106,4071.0733271115687
2025-08-03,3711.2394181593786,2369.774794071251,1478.791236261217,1183.3301629893733,3632.3744918081075
2025-08-04,2100.553143446658,2136.607556035018,1112.7281532544607,971.2667570302368,2891.525186159309
2025-08-05,2327.637015888363,1772.3061099656636,1635.7853339583016,925.7015934802532,3405.4159644482247
2025-08-06,2764.2288498053776,1971.5675613234946,1255.1060389905163,901.9384981432618,2911.9091382010856
2025-08-07,2315.9467961515375,1914.1677097091745,1402.807764567376,958.277278083507,3309.2811920805725
2025-08-08,2398.632392003832,2002.5778670305262,1340.2485010799633,1039.122825674353,2946.979205762229
2025-08-09,3527.922813889146,1961.1033981658234,1496.6215195724385,1240.4585675081912,3999.1452580147925
2025-08-10,3411.3377037024466,2005.0833024334231,1379.6616341036736,1100.615200439113,4388.217390228146
2025-08-11,2479.714132824935,1695.3719746632632,1344.28882001735,1020.0754182666864,3003.745301685018
2025-08-12,2319.1563771563215,1745.6169953587912,1258.881108658395,1017.8711399372759,3593.2497842258294
2025-08-13,2156.347790642613,2150.3277462850756,1330.4644235835578,956.4976350040007,3498.5999817154207
2025-08-14,2349.2359908270446,1815.638570749636,1506.273108250098,805.3337874827821,3404.558289296833
2025-08-15,2409.4495287039613,1760.8838388517595,1306.4242171025514,778.6730686929156,2878.9758903320007
2025-08-16,2996.011125000611,1995.558529919236,1517.9407175173096,1321.7598655064912,3706.395867507733
2025-08-17,3269.4151230304883,2042.8660812186506,1672.7544286067036,1274.271437543995,4354.517905977259
2025-08-18,2917.3665138912734,1756.533606584395,1318.6210898097102,874.8841992594618,3183.765458794828
2025-08-19,2651.7731123580543,1714.7067587191061,1425.7643287003154,882.5159519968087,3176.984901161807
2025-08-20,2684.6118081420996,1781.7451373826393,1140.4168660730438,958.7400611992003,2731.1013710054654
2025-08-21,2290.385531765377,1959.664603531478,1405.1846689718016,880.9600620203771,2795.363267202387
2025-08-22,1643.4366090738781,1933.8951521519723,1325.7286014940419,1021.9758618431573,3070.5904858307968
2025-08-23,2835.0926149292154,2388.5211535273334,1662.8380218763925,1212.2099981345111,4113.377651483583
2025-08-24,2819.6117365992473,2181.5096466201458,1571.095316009786,1332.9741225888654,3885.3749625693254
2025-08-25,2211.142348426753,1974.7698752429815,1329.7189249385613,830.3080231495157,2751.445898280641
2025-08-26,2719.8370679803365,1639.3437273920717,1515.1555236146523,778.2611980180227,3040.767957332158
2025-08-27,2335.935734546744,2046.846068681075,1249.6627553241117,793.9960333640141,2851.967669311786
2025-08-28,2635.179923488853,1596.9106077970107,987.5632258078914,878.1951316176146,3144.4404746892114
2025-08-29,2021.5004315573954,1889.95393476533,1190.1765628138953,857.7058386010716,3072.9345878602026
2025-08-30,2566.1768063969607,2116.841437102812,1632.0405195831322,1272.6913143022132,3298.589327624686
2025-08-31,3339.748604505856,2203.578699947896,1180.1894118441699,1316.240443482757,3335.0019477337732
2025-09-01,2248.393141114273,1872.596216947701,1232.4222377801414,715.7844376163184,3216.6722139126346
2025-09-02,2451.009030217882,1676.6098087593132,1410.1432698755614,822.6580314581744,2808.535588328848
2025-09-03,2154.0457788591802,1626.2447037278569,1340.9076487073853,748.741050322506,2697.667353627295
2025-09-04,2244.190444935948,1978.9717887900279,1138.9566370100547,893.2390112839793,2926.4111424037915
2025-09-05,1759.4246134274772,1730.0079944505503,1397.680248831518,896.2627675892006,2715.5282788596105
2025-09-06,2896.1930887065996,2015.861901000034,1169.816549720598,1204.1856561626134,3280.0379359097033
2025-09-07,2593.2193385373234,2459.782883591488,1577.815381642343,1042.215599944699,3504.234120272854
2025-09-08,2447.4904871989015,1387.640974740175,1279.5033321946003,848.9559071873407,2351.397626467075
2025-09-09,2206.7122870825197,1802.734644159422,1455.4602749350595,815.0580377789072,3350.676357282859
2025-09-10,1680.4985253861087,1669.0079234920056,1081.8100465231096,840.7584241727324,2526.359150058486
2025-09-11,2212.601059951648,1581.1378710397134,1151.0554055029497,767.4292351927602,3162.949077638581
2025-09-12,2188.6873069993044,1320.4289918624502,1318.4773016453298,811.7857056259254,2637.12008560123
2025-09-13,2933.5577956794514,2121.803346731587,1251.4763600015642,1151.8749110837762,3097.410690447506
2025-09-14,2859.0789292573445,1841.2566908140604,1367.4678886472059,1120.4258163611069,3223.1746824160396
2025-09-15,2417.2777253163367,1933.7474064466753,1281.0013603059458,811.6476057910243,2177.8206415331706
2025-09-16,1898.7555271349318,1530.7342914459002,1141.460060219851,767.3096389179411,2982.255041698223
2025-09-17,2050.6925008305143,1558.3238795477587,1141.7380251016023,910.3529959022608,2506.9842395859328
2025-09-18,1928.6040013677487,1288.0127444776615,1211.7334415249452,766.9329791718436,2975.454948752175
2025-09-19,2397.612044144806,1331.8526757244638,1077.8458782600997,786.6868645671628,2324.9343865348787
2025-09-20,2675.264691891068,1751.975302985432,1367.1909854336427,1243.5766229622739,2810.91234382758
2025-09-21,2864.283493329251,1667.7192347078053,1608.7912703194227,1307.4595657668724,3091.610103721825
2025-09-22,1801.5292814039638,1316.7816459438027,1303.5155785690663,798.4935950360817,2717.0853715944518
2025-09-23,2420.5901188937073,1364.5344975831522,1046.84995288426,813.5967240688192,2754.596642351182
2025-09-24,1787.6120107468992,1473.2454086591163,1351.4422163539564,665.6261966931429,2514.5177185352563
2025-09-25,1856.9522892429711,1476.0064307134649,1267.517467626373,810.3351540943565,2195.1054470044264
2025-09-26,1854.8969278178602,1654.1869959708204,1217.198240130237,856.5324176238851,2487.6173961650484
2025-09-27,2729.7174697788555,1656.5968025511079,1191.6404331524125,1186.6187101108171,3354.8958719751204
2025-09-28,2282.4993747349636,1614.045430499977,1264.1624498013095,1276.636516567077,3165.1727377678944
2025-09-29,1667.786963019571,1403.8849127012777,1134.6601721765062,690.3288533869426,2357.3685086465694
2025-09-30,1856.7542412398755,1356.0321894315891,1111.0457021636255,894.1035561533196,2281.451422512214
2025-10-01,2329.969256413666,2037.3693663500458,1691.5301229997253,1277.06521247935,2792.4134408265068
2025-10-02,2494.9666382749806,2031.6483432789341,1498.0237650572549,1014.790818574461,3639.7178103971805
2025-10-03,3018.811272274682,1486.4513528403304,1528.1009618874064,1253.6359684154138,3105.473342642434
2025-10-04,3411.7666656267565,1931.3927106388874,1709.5906758551164,1646.5704803760184,3785.6944620318222
2025-10-05,4202.695873413726,1985.107598874526,1369.6154506136857,1308.840308060607,3823.6869024601833
2025-10-06,3000.29171938458,1852.00167469665,1434.6353832908135,782.7260404068694,3122.641189888937
2025-10-07,2455.5466255722463,2135.444802005527,1746.373676980698,1074.523617643192,3465.5062215098096
2025-10-08,1565.3232040828325,984.8382247360953,1170.283526734532,756.5347189133728,2150.5038249324416
2025-10-09,1880.5826191183403,1318.5619765710364,1248.1543755139294,767.7468761559164,2084.625767943832
2025-10-10,2006.9603592631881,1288.2038217757215,1175.6136548036113,722.4051464661914,2093.1936513661567
2025-10-11,2381.288002360805,1570.5043797284416,1281.8846485041468,1030.0608339142943,2270.0278568489343
2025-10-12,2247.2678136709524,1680.496279884877,1181.7113425904931,1028.9538205628114,3035.638540682509
2025-10-13,1669.3586979510937,1089.1460458900888,1084.7487159968223,714.6520163772195,1984.2834755222389
2025-10-14,1756.4971243148832,1341.1443340808332,1096.7215537982763,771.4920144980624,2578.476670991741
2025-10-15,1717.4740510427137,1304.1866466689062,1037.4008370060558,682.8919837145293,2042.0613303683556
2025-10-16,1684.4313309596052,1304.7723820084605,1344.0960531928768,690.3294532411564,2065.491960148559
2025-10-17,1748.775560912861,1299.686133785891,1112.3787658233384,836.301043789955,1622.0879521237916
2025-10-18,1732.6859273286561,1415.34333582191,1317.4456605991425,872.2805178844962,1860.2835227827636
2025-10-19,2393.4531145673423,1514.252688458601,1053.3184726723694,929.2514197872796,2387.45983372195
2025-10-20,1751.7962721499825,1146.2326143138196,1123.129412735659,524.4311392396486,1921.8158329198088
2025-10-21,1529.6367509740098,1182.7501480803191,1008.472441865761,789.9657152759008,1700.4968923284887
2025-10-22,1722.7270328320385,1272.284987294246,1258.5012680253806,694.1372503219386,2143.357044928039
2025-10-23,1398.4303822319503,910.1034090607803,1146.3909366969729,726.5672938634966,2306.400466432558
2025-10-24,1464.4381307921942,1249.3108017783027,1249.547843015553,755.1138764954363,2107.347957081539
2025-10-25,2197.660716226948,1192.550820995174,1309.766334813508,949.6472255372208,2676.2320574103733
2025-10-26,1843.3392614527015,1238.9668423644473,1313.666477532092,973.304429423565,2900.3208431852167
2025-10-27,1659.2465007517337,948.1098768761501,1133.0238709680523,675.6829800475849,2154.3740833722086
2025-10-28,1668.3177960851906,975.8522447032345,1053.167478990081,873.0990802561513,2100.352038987665
2025-10-29,1646.5005370746446,1268.9800161490202,1053.8583257908224,728.698334357622,1772.610378736593
2025-10-30,1686.5805180443413,1255.5446553884512,942.1828824866767,813.0120895571663,1960.0003704864132
2025-10-31,1494.5626729893359,1242.5358079090197,994.8522288821783,763.4590334086054,1909.247290045775
2025-11-01,2149.803386398584,1439.90791664892,1177.1529015082197,808.0376249747803,2211.569889537852
2025-11-02,2352.6984136722854,1344.7828338175084,1079.935811655256,869.8595914636782,2209.2156663185806
2025-11-03,1314.9800813681845,1116.5321891115875,970.4406538432627,647.6923264933492,1956.6776538431502
2025-11-04,1700.4056844724785,1354.8985063453244,872.9758017224783,797.9126796457979,2149.719948845074
2025-11-05,1506.0431502441704,1135.553047379753,977.8911155899143,726.3093263207464,2242.269340706313
2025-11-06,1724.4985402397463,1161.8518940424522,977.2330923048738,605.6170845245935,1897.2220884874991
2025-11-07,1814.2296783793613,930.6878743624361,910.2594906618359,718.2366627522376,1737.4127829739157
2025-11-08,1929.3941966317666,1254.1931343688725,963.2209856162723,893.9385636603312,2564.7131377393785
2025-11-09,1813.7591601301635,1093.437340319301,1041.7664498546098,1060.202405052052,2336.6681848852186
2025-11-10,1524.063436411836,1082.4976524995313,831.5371357913841,738.6931639016768,1969.7858555304256
2025-11-11,1526.590347579329,1178.8354214297326,890.9154810783289,781.3399527978644,1916.5743206605412
2025-11-12,1531.955298814164,1062.4947754929537,990.1976501489488,785.9304882907038,1675.7940931361836
2025-11-13,1458.6195516281678,1167.9450075748143,938.3874463406415,761.7345130538923,2186.373950860883
2025-11-14,1509.6873145332436,1123.7741713009827,879.9962150441722,749.8135681277813,1896.8825782813271
2025-11-15,2133.3224718619654,1174.226228951694,909.7467643058835,1022.8828359239725,1836.350639366758
2025-11-16,1964.976811221803,1365.6790480668537,1108.6509741183281,1161.0564142307376,2539.1779003419174
2025-11-17,1453.6726547964104,1037.2615061724425,981.3952403979678,583.0214928222522,1661.659236044255
2025-11-18,1462.9421225618787,819.3618154168157,987.9925139270707,673.9410549574811,1520.5637926462787
2025-11-19,1606.9120646554622,1096.7075420044675,1002.9213517114199,667.3972971713188,1925.7039674130833
2025-11-20,1643.9757456290959,1049.4819201081314,897.4182381989007,707.4271856679968,2026.9755004891458
2025-11-21,1442.6850749417827,1225.6224761680937,924.2868391212213,689.2922193682692,1681.867086609019
2025-11-22,2032.5222172082968,999.0063638801388,1012.0038193235533,855.2484873203285,2275.3271255090303
2025-11-23,2179.089842404231,1281.830648712879,814.6138341274584,1154.0830893320274,2302.314294588444
2025-11-24,1402.0176576017284,1014.459005917668,985.6028368677594,637.7944221974884,1817.6109153265938
2025-11-25,1423.5847125313817,954.117464387847,900.0419653761676,584.4795348412395,1801.7878068784735
2025-11-26,1599.8959477347066,1041.0267575331138,1043.3312674083606,703.2099248051471,1675.4114302232715
2025-11-27,1633.945464729952,852.1025388840337,875.5922259742154,614.4913824809487,1954.225392373434
2025-11-28,1645.2391677596147,1029.8669526288877,1063.2787771842154,619.3451476957716,1819.3103772712304
2025-11-29,1925.3069443410836,1273.3170995103185,1042.2017333961626,912.7810197632372,2309.211420311449
2025-11-30,2115.535038973442,1091.4257516507132,1045.997141885011,847.6950789795056,1638.5810724724524
2025-12-01,1561.8452794944933,1056.808086294834,1005.2473667132194,558.4110015205333,1724.3962928894496
2025-12-02,1188.9427550658954,1128.8175567518344,871.7480185838782,779.7682329118726,1950.8634319313628
2025-12-03,1387.467168720981,877.5777350037226,1010.6453988856236,633.5698749749762,1795.951697863298
2025-12-04,1448.397990972355,810.9765090723174,757.5287788641764,706.9170896704366,1673.8584535876864
2025-12-05,1435.128908085247,1052.421274676803,1087.9087092192224,671.7266067363378,1709.1629333922278
2025-12-06,2070.198778626925,1017.8333510142343,1093.5141127227444,1019.1579515419999,2357.2323232599815
2025-12-07,1587.2702447053216,1085.3003988138887,974.5384638863558,974.6498125409798,2308.6430206209416
2025-12-08,1738.390646461764,928.3819785127323,921.9048827442134,767.9229780858669,1811.154155896271
2025-12-09,1701.516053398055,1002.8313598097217,857.056390868814,596.486312461276,1483.5941291810439
2025-12-10,1608.1454174740104,1088.4701954281395,1147.4026934570807,745.7711107043363,1957.2693556351928
2025-12-11,1419.286124445356,858.8674771738912,1049.7862866422995,716.0907563787326,1769.798867548667
2025-12-12,1563.5597523788942,1001.0399524107056,1090.970549805375,775.9958210911907,1844.0423307206438
2025-12-13,2120.5910575594303,1221.8357915230672,1013.8552521731375,1034.1503382646838,1879.2490351648694
2025-12-14,2159.7713112874662,1022.1216816824791,1092.6787953394162,879.8350700706029,2302.5525501198435
2025-12-15,1497.0118569765514,812.2893332299748,1005.945457175367,646.6078478362425,1897.8430354687268
2025-12-16,1501.638101364003,1003.8744291404352,872.6122544789292,645.6819908491511,1663.1931432667075
2025-12-17,1629.5479390774458,1127.0540750712319,887.1171664257963,759.889593724491,1364.3557471052623
2025-12-18,1321.4631206848082,872.3167197395737,834.2026249130123,577.3370524658255,1813.8798182601479
2025-12-19,1468.4511616737639,1001.2738320451024,1031.253024124248,704.1867224315703,1856.3192686297757
2025-12-20,1937.3009268182252,1020.2457714618873,1173.437853125274,903.8448436121027,1973.5996261469504
2025-12-21,1916.5176361981821,1052.2407723857243,1017.0574246245764,993.6162937541812,2253.632300239014
2025-12-22,1366.620217066368,918.2907052902575,1068.8184511232078,720.3392325013217,2104.5220969978227
2025-12-23,1679.3519876009414,1076.5236933344145,831.4868768391422,738.9136175655585,1734.5321226554338
2025-12-24,1420.1317412826513,983.0346316985115,1057.2313972031423,721.1246043924203,1591.7039294717804
2025-12-25,1615.650653454489,906.0810589992069,987.4147776750322,666.1949861414931,1708.2548697460395
2025-12-26,1620.5572615332592,868.1790452306612,1155.2322248477067,562.212169913835,1643.7520596430795
2025-12-27,2031.1502663149677,1232.4529627673412,1053.930094589817,957.3920547539225,2277.6652395420733
2025-12-28,1915.4308818447016,1328.7771336526137,1154.9725435723003,1047.6599804320554,1979.0745199720589
2025-12-29,1498.0747593946974,944.4076558934696,872.0892053131947,713.5702352467631,1660.808834917172
2025-12-30,1611.1554775422314,871.1964199387752,1137.4587687408207,627.5351685659891,1796.5924772731858
